<?xml version="1.0" encoding="utf-8"?>
<Defs>

	<ScenarioDef>
		<defName>Oh look! Shroomies!</defName>
		<label>Oh look! Shroomies!</label>
		<description>Just some shroomy looking humans trying to survive. They hate working during daytime. </description>
		<scenario>
			<summary>Fungals are searching food</summary>
			<playerFaction>
				<def>PlayerFaction</def>
				<factionDef>FungiPlayerTribe</factionDef>
			</playerFaction>
			<parts>
				<li Class="ScenPart_ConfigPage_ConfigureStartingPawns">
					<def>ConfigPage_ConfigureStartingPawns</def>
					<pawnCount>4</pawnCount>
				</li>
				<li Class="ScenPart_PlayerPawnsArriveMethod">
					<def>PlayerPawnsArriveMethod</def>
				</li>
				<li Class="ScenPart_StartingThing_Defined">
					<def>StartingThing_Defined</def>
					<thingDef>Silver</thingDef>
					<count>200</count>
				</li>

				<li Class="ScenPart_StartingThing_Defined">
					<def>StartingThing_Defined</def>
					<thingDef>MedicineHerbal</thingDef>
					<count>24</count>
				</li>


				<li Class="ScenPart_StartingAnimal">
					<def>StartingAnimal</def>
					<animalKind>Shroomimal</animalKind>
					<count>2</count>
					<bondToRandomPlayerPawnChance>1</bondToRandomPlayerPawnChance>
				</li>
				<li Class="ScenPart_ScatterThingsNearPlayerStart">
					<def>ScatterThingsNearPlayerStart</def>
					<thingDef>WoodLog</thingDef>
					<count>400</count>
				</li>
				<li Class="ScenPart_ScatterThingsAnywhere">
					<def>ScatterThingsAnywhere</def>
					<thingDef>ShipChunk</thingDef>
					<count>6</count>
				</li>
				<li Class="ScenPart_ScatterThingsAnywhere">
					<def>ScatterThingsAnywhere</def>
					<thingDef>Steel</thingDef>
					<count>250</count>
				</li>

				<li Class="ScenPart_GameStartDialog">
					<def>GameStartDialog</def>
					<text>Hopefully this place will last more than just a few days.</text>
					<textKey>GameStartDialog</textKey>
					<closeSound>GameStartSting</closeSound>
				</li>
				<li Class="ScenPart_CreateIncident">
					<def>CreateIncident</def>
					<incident>ResourcePodCrash</incident>
				</li>
				<li Class="ScenPart_CreateIncident">
					<def>CreateIncident</def>
					<incident>ShipChunkDrop</incident>
					<intervalDays>1</intervalDays>
				</li>
				<li Class="ScenPart_ForcedHediff">
					<def>ForcedHediff</def>
					<chance>0.25</chance>
					<context>PlayerStarter</context>
					<hediff>Malnutrition</hediff>
					<severityRange>0.09533334~0.22</severityRange>
				</li>
				<li Class="ScenPart_StartingResearch">
					<def>StartingResearch</def>
					<project>Stonecutting</project>
				</li>
                                        <li Class="ScenPart_StartingThing_Defined">
					<def>StartingThing_Defined</def>
					<thingDef>MealSurvivalPack</thingDef>
					<count>15</count>
				</li>
                                 	<li Class="ScenPart_StartingThing_Defined">
					<def>StartingThing_Defined</def>
					<thingDef>MeleeWeapon_Club</thingDef>
                                         <count>4</count>
				</li>
				<li Class="ScenPart_StatFactor">
					<def>StatFactor</def>
					<stat>PlantWorkSpeed</stat>
					<factor>1.15</factor>
				</li>
				<li Class="ScenPart_StatFactor">
					<def>StatFactor</def>
					<stat>PlantHarvestYield</stat>
					<factor>1.2</factor>
				</li>
			</parts>
		</scenario>
	</ScenarioDef>
</Defs>