<?xml version="1.0" encoding="utf-8" ?>
<Defs>

	<PawnKindDef Abstract="True" Name="BasePlayerFungiPawnKind">
		<race>Alien_Fungi</race>
		<combatPower>40</combatPower>
		<baseRecruitDifficulty>0.65</baseRecruitDifficulty>
		<isFighter>false</isFighter>
		<apparelIgnoreSeasons>true</apparelIgnoreSeasons>
		<forceNormalGearQuality>true</forceNormalGearQuality>
	</PawnKindDef>

	
	<PawnKindDef ParentName="BasePlayerFungiPawnKind">
		<defName>PlayerFungi</defName>
		<label>member</label>
		<defaultFactionType>PlayerColony</defaultFactionType>
		<backstoryCategories>
			<li>Tribal</li>
		</backstoryCategories>
		<chemicalAddictionChance>0.03</chemicalAddictionChance>
		<apparelTags>
			<li>Neolithic</li>
		</apparelTags>
		<apparelMoney>
			<min>200</min>
			<max>400</max>
		</apparelMoney>
		<backstoryCryptosleepCommonality>0</backstoryCryptosleepCommonality>
		 <techHediffsMoney>
			<min>50</min>
			<max>50</max>
		 </techHediffsMoney>
		 <techHediffsTags>
			<li>Poor</li>
		 </techHediffsTags>
		 <techHediffsChance>0.02</techHediffsChance>		
	</PawnKindDef>
</Defs>