<?xml version="1.0" encoding="utf-8" ?>
<Defs>

  <ThingDef ParentName="AnimalThingBase">
    <defName>Shroomimal</defName>
    <label>Shroomimal</label>
    <description>Wild mushroom animals. Got friends with the Fungis thousands of years ago. They got a devastating Stinger Tail, which can inflict flesh eating spores.</description>
    <statBases>
      <MoveSpeed>6</MoveSpeed>
      <ComfyTemperatureMin>-25</ComfyTemperatureMin>
      <MarketValue>550</MarketValue>
    </statBases>
    <tools>
      <li>
        <label>head</label>
        <capacities>
          <li>Blunt</li>
        </capacities>
        <power>12</power>
        <hediff>Fungi_hediff_Spores</hediff>
        <cooldownTime>2.5</cooldownTime>
        <linkedBodyPartsGroup>HeadAttackTool</linkedBodyPartsGroup>
        <ensureLinkedBodyPartsGroupAlwaysUsable>true</ensureLinkedBodyPartsGroupAlwaysUsable>
      </li>
      <li>
        <label>front left paw</label>
        <capacities>
        <li>Scratch</li>
        </capacities>
        <power>15</power>
        <hediff>Fungi_hediff_Spores</hediff>
        <cooldownTime>3</cooldownTime>
        <linkedBodyPartsGroup>FrontLeftPaw</linkedBodyPartsGroup>
      </li>
      <li>
        <label>front right paw</label>
        <capacities>
          <li>Scratch</li>
        </capacities>
        <power>15</power>
        <hediff>Fungi_hediff_Spores</hediff>
        <cooldownTime>3</cooldownTime>
        <linkedBodyPartsGroup>FrontRightPaw</linkedBodyPartsGroup>
      </li>
      <li>
        <label>Tail claw</label>
             <capacities>
          <li>FungiSting</li>
        </capacities>
        <power>50</power>
        <hediff>Fungi_hediff_Spores</hediff>
        <cooldownTime>7</cooldownTime>
        <linkedBodyPartsGroup>FungiStingerAttackTool</linkedBodyPartsGroup>
        <chanceFactor>1.0</chanceFactor>
      </li>
    </tools>
    <comps>
    </comps>
    <race>
      <body>QuadrupedAnimalWithPawsAndTailFungi</body>
      <herdAnimal>false</herdAnimal>
      <baseBodySize>0.9</baseBodySize>
      <baseHungerRate>0.9</baseHungerRate>
      <baseHealthScale>1.25</baseHealthScale>
      <foodType>CarnivoreAnimal</foodType>
      <leatherDef></leatherDef>
      <wildness>0</wildness>
      <trainability>Advanced</trainability>
      <useMeatFrom></useMeatFrom>
	  <nuzzleMtbHours>180</nuzzleMtbHours>
	  <packAnimal>false</packAnimal>
      <gestationPeriodDays>2</gestationPeriodDays>
      <lifeExpectancy>3</lifeExpectancy>
      <lifeStageAges>
        <li>
          <def>AnimalBaby</def>
          <minAge>0</minAge>
        </li>
        <li>
          <def>AnimalJuvenile</def>
          <minAge>0.35</minAge>
        </li>
        <li>
          <def>AnimalAdult</def>
          <minAge>0.5</minAge>
          <soundWounded>ShroomimalSound2</soundWounded>
          <soundDeath>ShroomimalSound2</soundDeath>
          <soundCall>ShroomimalSound</soundCall>
          <soundAngry>ShroomimalSound</soundAngry>
        </li>
      </lifeStageAges>
      <soundMeleeHitPawn>Pawn_Melee_BigBash_HitPawn</soundMeleeHitPawn>
      <soundMeleeHitBuilding>Pawn_Melee_BigBash_HitBuilding</soundMeleeHitBuilding>
      <soundMeleeMiss>Pawn_Melee_BigBash_Miss</soundMeleeMiss>
      <wildBiomes>
    	<Tundra>0.01</Tundra>
    	<BorealForest>0.01</BorealForest>
    	<TemperateForest>0.05</TemperateForest>
		<AridShrubland>0.1</AridShrubland>
		<TropicalSwamp>0.1</TropicalSwamp>
		<TemperateSwamp>0.1</TemperateSwamp>
		<ColdBog>0.05</ColdBog>
      </wildBiomes>
    </race>
    <tradeTags>
      <li>AnimalCommon</li>
    </tradeTags>
  </ThingDef>

  <PawnKindDef ParentName="AnimalKindBase">
    <defName>Shroomimal</defName>
    <label>Shroomimal</label>
    <race>Shroomimal</race>
    <combatPower>95</combatPower>
     <ecoSystemWeight>0.5</ecoSystemWeight>
    <wildGroupSize>
      <min>1</min>
      <max>3</max>
    </wildGroupSize>
    <lifeStages>
      <li>
        <bodyGraphicData>
          <texPath>Things/Pawn/Animal/Shroomimal/Shroomimal</texPath>
          <drawSize>1.3</drawSize>
		   <shadowData>
            <volume>(0.3, 0.3, 0.3)</volume>
          </shadowData>
        </bodyGraphicData>
        <dessicatedBodyGraphicData>
          <texPath>Things/Pawn/Animal/Shroomimal/Dessicated_Shroomimal</texPath>
          <drawSize>1.3</drawSize>
        </dessicatedBodyGraphicData>
      </li>
      <li>
        <bodyGraphicData>
          <texPath>Things/Pawn/Animal/Shroomimal/Shroomimal</texPath>
          <drawSize>1.7</drawSize>
          <shadowData>
            <volume>(0.4, 0.4, 0.4)</volume>
          </shadowData>
        </bodyGraphicData>
        <dessicatedBodyGraphicData>
          <texPath>Things/Pawn/Animal/Shroomimal/Dessicated_Shroomimal</texPath>
          <drawSize>1.7</drawSize>
        </dessicatedBodyGraphicData>
      </li>
      <li>
        <bodyGraphicData>
          <texPath>Things/Pawn/Animal/Shroomimal/Shroomimal</texPath>
          <drawSize>2.4</drawSize>
          <shadowData>
            <volume>(0.5, 0.5, 0.5)</volume>
          </shadowData>
        </bodyGraphicData>
        <dessicatedBodyGraphicData>
          <texPath>Things/Pawn/Animal/Shroomimal/Dessicated_Shroomimal</texPath>
          <drawSize>2.4</drawSize>
        </dessicatedBodyGraphicData>
      </li>
    </lifeStages>
  </PawnKindDef>
</Defs>