<?xml version="1.0" encoding="utf-8" ?>
<Defs>
	
	<AlienRace.ThingDef_AlienRace ParentName="BasePawn">
		<defName>Alien_Fungi</defName>
		<label>Fungi</label>
		<description>Once a slave race of genetical manipulated humans, they call themself Fungi. They accepted their past and are now trying to live a normal life, nearly all of them are night active.</description>

		<alienRace>
			<generalSettings>
				<maleGenderProbability>0.5</maleGenderProbability>
				<immuneToAge>false</immuneToAge>
				<canLayDown>true</canLayDown>
				<forcedRaceTraitEntries>
					<li>
						<defName>NightOwl</defName>
						<chance>90</chance>
					</li>
				</forcedRaceTraitEntries>
            <disallowedTraits>
            <li>
            <defName>Nudist</defName>
            </li>
            </disallowedTraits>
				
           	<factionRelations>
               <li>
                  <factions>
							<li>FungiFaction</li>
							<li>FungiPlayerTribe</li>
                  </factions>
                  <goodwill>
                     <min>40</min>
                     <max>79</max>
                  </goodwill>
               </li>               
            </factionRelations>	
				
				<maxDamageForSocialfight>5</maxDamageForSocialfight>
				<alienPartGenerator>
					<aliencrowntypes>
					<li>NorFu3_Normal</li>
                                        <li>NorFu2_Normal</li>
                                        <li>NorFu_Normal</li>
                                        <li>stefu3_Normal</li>
                                        <li>stefu2_Normal</li>
                                        <li>stefu_Normal</li>
                                        <li>Evfu_Normal</li>
                                        <li>Evfu2_Normal</li>
                                        <li>Evfu3_Normal</li>
                                        <li>FungiBob</li>
                                        <li>FungiBobBlue</li>
                                        <li>FungiBobRed</li>
                                        <li>FungiSchnorresGreen</li>
                                        <li>FungiSchnorresBlue</li>
                                        <li>FungiSchnorres</li>
                                        <li>FungiLong</li>
                                        <li>FungiLongBlue</li>
                                        <li>FungiLongBlueTwo</li>
					</aliencrowntypes>
					<alienbodytypes>
						<li>Thin</li>
						<li>Fat</li>
						<li>Male</li>
						<li>Female</li>
					</alienbodytypes>
					<alienskincolorgen Class="ColorGenerator_Options">
						<options> 
							<li>
								<weight>15</weight>
								<min>RGBA(227, 227, 227, 255)</min>
								<max>RGBA(207, 207, 207, 255)</max>
							</li>
							<li>
								<weight>5</weight>
								<min>RGBA(247,171,171,255)</min>
								<max>RGBA(209,21,21,255)</max>
							</li>
	
							<li>
								<weight>6</weight>
								<min>RGBA(171,247,203,255)</min>
								<max>RGBA(65,236,136,255))</max>
							</li>
						</options>
					</alienskincolorgen>
					<useGenderedHeads>true</useGenderedHeads>
				</alienPartGenerator>			
			</generalSettings>
			<graphicPaths>
				<li>
					<body>Things/Pawn/Humanlike/Fungi/Body/</body>
					<head>Things/Pawn/Humanlike/Fungi/Head/</head>
				</li>
			</graphicPaths>

                
			<hairSettings>
				<hasHair>false</hasHair>
			</hairSettings>
	<thoughtSettings>
			<cannotReceiveThoughts>
				<li>ObservedLayingCorpse</li>
				<li>EnvironmentDark</li>
				<li>NeedOutdoors</li>
				<li>AteCorpse</li>
				<li>AteHumanlikeMeatDirect</li>
				<li>AteHumanlikeMeatAsIngredient</li>
				<li>AteHumanlikeMeatAsIngredientCannibal</li>
				<li>KnowPrisonerSold</li>
				<li>KnowGuestOrganHarvested</li>
				<li>KnowButcheredHumanlikeCorpse</li>
				<li>ButcheredHumanlikeCorpse</li>
				<li>WitnessedDeathNonAlly</li>
				<li>PrisonerBanishedToDie</li>
				<li>Naked</li>
				<li>ButcheredHumanlikeCorpseOpinion</li>
			</cannotReceiveThoughts>
		</thoughtSettings>

			<relationSettings>
				<relationChanceModifierSibling>3</relationChanceModifierSibling>
				<renamer>
					<li>
					  <relation>Parent</relation>
					  <label>Progenitor</label>
					  <femaleLabel>Progenitor</femaleLabel>
					</li>
					<li>
						<relation>Child</relation>
						<label>Child</label>
						<femaleLabel>Child</femaleLabel>
					</li>
					<li>
						<relation>Spouse</relation>
						<label>Spouse</label>
						<femaleLabel>Spouse</femaleLabel>
					</li>
					<li>
						<relation>ExSpouse</relation>
						<label>ExSpouse</label>
						<femaleLabel>ExSpouse</femaleLabel>
					</li>
					<li>
						<relation>Sibling</relation>
						<label>Sibling</label>
						<femaleLabel>Sibling</femaleLabel>
					</li>
					<li>
						<relation>Fiance</relation>
						<label>Betrothed</label>
						<femaleLabel>Betrothed</femaleLabel>
					</li>
				</renamer>
			</relationSettings>
			<raceRestriction>
 <onlyUseRaceRestrictedApparel>false</onlyUseRaceRestrictedApparel>
			</raceRestriction>
		</alienRace>		
		<statBases>
			<MarketValue>1500</MarketValue>
			<MoveSpeed>3.5</MoveSpeed>
			<Flammability>0.8</Flammability>
			<ComfyTemperatureMin>18</ComfyTemperatureMin>
			<ComfyTemperatureMax>45</ComfyTemperatureMax>
			<LeatherAmount>25</LeatherAmount>
			<PsychicSensitivity>0.25</PsychicSensitivity>
			<PlantWorkSpeed>0.9</PlantWorkSpeed>
			<ResearchSpeed>1.2</ResearchSpeed>
			<Mass>50</Mass>
		</statBases>
		<tools>
			<li>
				<label>left fist</label>
				<capacities>
					<li>Blunt</li>
					<li>Poke</li>
				</capacities>
				<power>10.5</power>
				<cooldownTime>2</cooldownTime>
				<linkedBodyPartsGroup>LeftHand</linkedBodyPartsGroup>
				<surpriseAttack>
					<extraMeleeDamages>
						<li>
							<def>Stun</def>
							<amount>16</amount>
						</li>
					</extraMeleeDamages>
				</surpriseAttack>
			</li>
			<li>
				<label>right fist</label>
				<capacities>
					<li>Blunt</li>
					<li>Poke</li>
				</capacities>
				<power>10.5</power>
				<cooldownTime>2</cooldownTime>
				<linkedBodyPartsGroup>RightHand</linkedBodyPartsGroup>
				<surpriseAttack>
					<extraMeleeDamages>
						<li>
							<def>Stun</def>
							<amount>16</amount>
						</li>
					</extraMeleeDamages>
				</surpriseAttack>
			</li>			
			<li>
				<label>teeth</label>
				<capacities>
					<li>Bite</li>
				</capacities>
				<power>8.2</power>
				<cooldownTime>2</cooldownTime>
				<linkedBodyPartsGroup>Teeth</linkedBodyPartsGroup>
				<chanceFactor>0.07</chanceFactor>
			</li>
			<li>
				<label>head</label>
				<capacities>
					<li>Blunt</li>
				</capacities>
				<power>5</power>
				<cooldownTime>2</cooldownTime>
				<linkedBodyPartsGroup>HeadAttackTool</linkedBodyPartsGroup>
				<ensureLinkedBodyPartsGroupAlwaysUsable>true</ensureLinkedBodyPartsGroupAlwaysUsable>
				<chanceFactor>0.2</chanceFactor>
			</li>		
		</tools>
		<race>
			<thinkTreeMain>Humanlike</thinkTreeMain>
			<thinkTreeConstant>HumanlikeConstant</thinkTreeConstant>
			<intelligence>Humanlike</intelligence>
			<makesFootprints>true</makesFootprints>	
			<lifeExpectancy>15</lifeExpectancy>
			<nameCategory>HumanStandard</nameCategory>
			
			<body>FungiBody</body>
			<baseBodySize>1</baseBodySize>
			<baseHealthScale>1.25</baseHealthScale>
			<foodType>CarnivoreAnimal</foodType>
			<gestationPeriodDays>45</gestationPeriodDays>
			<litterSizeCurve>
				<points>
					<li>(0.5, 0)</li>
					<li>(1, 1)</li>
					<li>(1.01, 0.02)</li>
					<li>(3.5, 0)</li>
				</points>
			</litterSizeCurve>
			<lifeStageAges>
				<li>
					<def>FungiSporlingStage</def>
					<minAge>0.1</minAge>
				</li>
				<li>
					<def>FungiYoungStage</def>
					<minAge>0.5</minAge>
				</li>
				<li>
					<def>FungiAdolescentStage</def>
					<minAge>0.8</minAge>
				</li>
				<li>
					<def>FungiAdultStage</def>
					<minAge>2</minAge>
				</li>
				<li>
					<def>FungiElderStage</def>
					<minAge>4</minAge>
				</li>
				<li>
					<def>FungiAncientStage</def>
					<minAge>6</minAge>
				</li>
			</lifeStageAges>
			<soundMeleeHitPawn>Pawn_Melee_Punch_HitPawn</soundMeleeHitPawn>
			<soundMeleeHitBuilding>Pawn_Melee_Punch_HitBuilding</soundMeleeHitBuilding>
			<soundMeleeMiss>Pawn_Melee_Punch_Miss</soundMeleeMiss>
			<specialShadowData>
				<volume>(0.3, 0.8, 0.4)</volume>
				<offset>(0,0,-0.3)</offset>
			</specialShadowData>
			<ageGenerationCurve>
				<points>
					<li>(0.7,0)</li>
					<li>(0.9,50)</li>
					<li>(1.1,100)</li>
					<li>(1.2,70)</li>
					<li>(1.7,18)</li>
					<li>(2.5,10)</li>
					<li>(3,3)</li>
					<li>(3.5,0)</li>
				
				</points>
			</ageGenerationCurve>
		    <hediffGiverSets>
				<li>OrganicStandard</li>
				<li>Human</li>
			</hediffGiverSets>
		</race>
    <recipes>
      <li>InstallArchotechEye</li>
      <li>InstallArchotechArm</li>
      <li>InstallArchotechLeg</li>
      <li>InstallPowerClaw</li>
      <li>InstallBionicEye</li>
      <li>InstallBionicArm</li>
      <li>InstallBionicLeg</li>
      <li>InstallBionicSpine</li>
      <li>InstallBionicHeart</li>
      <li>InstallBionicStomach</li>
      <li>InstallBionicEar</li>
      <li>InstallSimpleProstheticArm</li>
      <li>InstallSimpleProstheticLeg</li>
      <li>InstallSimpleProstheticHeart</li>
      <li>InstallCochlearImplant</li>
      <li>InstallPegLeg</li>
      <li>InstallWoodenFoot</li>
      <li>InstallDenture</li>
      <li>InstallJoywire</li>
      <li>InstallPainstopper</li>
      <li>InstallNaturalHeart</li>
      <li>InstallNaturalLung</li>
      <li>InstallNaturalKidney</li>
      <li>InstallNaturalLiver</li>
      <li>ExciseCarcinoma</li>
      <li>AdministerMechSerumHealer</li>
      <li>RemoveBodyPart</li>
      <li>Euthanize</li>
      <li>Anesthetize</li>
    </recipes>		
	</AlienRace.ThingDef_AlienRace>
	
	<AlienRace.RaceSettings>
		<defName>FungiRaceSettings</defName>
	
		<pawnKindSettings>
			<startingColonists>
				<li>
					<pawnKindEntries>
						<li>
							<kindDefs>
								<li>PlayerFungi</li>
							</kindDefs>
							<chance>7.0</chance>
						</li>
					</pawnKindEntries>
					<factionDefs>
						<li>PlayerTribe</li> 
					</factionDefs>
				</li>
			</startingColonists>
		
			<alienslavekinds>
				<li>
					<kindDefs>
						<li>PlayerFungi</li>
					</kindDefs>
					<chance>12.0</chance>
				</li>
			</alienslavekinds>
			<alienrefugeekinds>
				<li>
					<kindDefs>
						<li>PlayerFungi</li>
					</kindDefs>
					<chance>6.0</chance>
				</li>
			</alienrefugeekinds>
			<alienwandererkinds>
				<li>
					<pawnKindEntries>
						<li>
							<kindDefs>
								<li>FungiMelee</li>
							</kindDefs>
							<chance>10.0</chance>
						</li>
					</pawnKindEntries>
					<factionDefs>
						<li>PlayerColony</li>
						<li>PlayerTribe</li>
						<li>FungiPlayerTribe</li>
					</factionDefs>
				</li>
			</alienwandererkinds>			
		</pawnKindSettings>
	
	</AlienRace.RaceSettings>
</Defs>