﻿<?xml version="1.0" encoding="utf-8"?>
<Defs>

  <TraderKindDef>
    <defName>Visitor_Fungi_Standard</defName>
    <label>trader</label>
    <stockGenerators>
      <li Class="StockGenerator_SingleDef">
        <thingDef>Silver</thingDef>
        <countRange>
          <min>200</min>
          <max>400</max>
        </countRange>
      </li>
      <li Class="StockGenerator_Animals">
        <tradeTagsSell>
          <li>FungiTrade_Shroomimal</li>
        </tradeTagsSell>
        <tradeTagsBuy>
          <li>AnimalUncommon</li>
          <li>AnimalExotic</li>
          <li>FungiTrade_Shroomimal</li>
        </tradeTagsBuy>
          <kindCountRange>1~3</kindCountRange>
          <countRange>1~4</countRange>
      </li>	
      <li Class="StockGenerator_Category">
        <categoryDef>FoodMeals</categoryDef>
        <thingDefCountRange>
          <min>1</min>
          <max>2</max>
        </thingDefCountRange>
        <countRange>
          <min>0</min>
          <max>3</max>
        </countRange>
      </li>
      <li Class="StockGenerator_WeaponsRanged">
        <countRange>
          <min>0</min>
          <max>2</max>
        </countRange>
      </li>
      <li Class="StockGenerator_Category">
        <maxTechLevelGenerate>Neolithic</maxTechLevelGenerate>
        <categoryDef>WeaponsMelee</categoryDef>
        <countRange>
          <min>0</min>
          <max>1</max>
        </countRange>
      </li>		
      <li Class="StockGenerator_Category">
        <categoryDef>Drugs</categoryDef>
				<maxTechLevelGenerate>Neolithic</maxTechLevelGenerate>
			<thingDefCountRange>
				<min>-1</min>
				<max>2</max>
			</thingDefCountRange>
			<totalPriceRange>
				<min>200</min>
				<max>500</max>
			</totalPriceRange>
      </li>
      <li Class="StockGenerator_Clothes">
        <countRange>
          <min>0</min>
          <max>2</max>
        </countRange>
      </li>
      <li Class="StockGenerator_MultiDef">
        <thingDefs>
          <li>Cloth</li>
          <li>Chocolate</li>
        </thingDefs>
      </li>
    </stockGenerators>
  </TraderKindDef>

</Defs>