<?xml version="1.0" encoding="utf-8" ?>
<Defs>
  <ThingDef ParentName="PlantBase">
    <defName>FUNGI_PLANT_DEF</defName>
    <label>Fungi Shroom</label>
    <description>Due to their genetics, Fungi can also reproduce asexually. A Full grown Fungi will step out of his birthshroom</description>
    <statBases>
      <MaxHitPoints>120</MaxHitPoints>
      <Nutrition>0.3</Nutrition>
    </statBases>
    <graphicData>
      <texPath>FungiPlant/Plant</texPath>
      <graphicClass>Graphic_Random</graphicClass>
    </graphicData>
    <selectable>true</selectable>
    <pathCost>20</pathCost>
    <ingestible />


    <plant>


             <sowResearchPrerequisites>
             </sowResearchPrerequisites>
			<growDays>10</growDays>
			<dieIfLeafless>true</dieIfLeafless>
			<harvestTag>Standard</harvestTag>
      <harvestedThingDef>RawFungus</harvestedThingDef>
			<harvestYield>1</harvestYield>
			<sowMinSkill>1</sowMinSkill>
      <sowTags>
				<li>Ground</li>
			</sowTags>
			<topWindExposure>0.1</topWindExposure>
      <immatureGraphicPath>FungiPlant/Immature</immatureGraphicPath>
      <visualSizeRange>0.35~2</visualSizeRange>
     	<wildOrder>2</wildOrder>
      <purpose>Food</purpose>
    </plant>

<comps>
<li Class="CompPawnGrower.CompProperties_PawnGrower">
        <canspawn>true</canspawn>
        <spawnwild>false</spawnwild>
        <spawnChance>0.9</spawnChance>
        <Races>
                        <Alien_Fungi>8</Alien_Fungi>
        </Races>
      </li>
  </comps>
  </ThingDef>
</Defs>
